{
  "EEGDnoiseNet": {
    "metrics_per_seed": [
      {
        "rmse": 4.5461273605947,
        "rrmse": 0.019892460304039527,
        "correlation": 0.9998779525896997,
        "snr": 34.02622999825588,
        "spectral_distortion": 0.015796197479393655,
        "snr_improvement": -2.9840647269388043,
        "snr_input": 37.01029472519468
      },
      {
        "rmse": 4.627202055614355,
        "rrmse": 0.020247218326509366,
        "correlation": 0.9998820154692709,
        "snr": 33.8726926820025,
        "spectral_distortion": 0.021603792310855036,
        "snr_improvement": -3.1376020431921816,
        "snr_input": 37.01029472519468
      }
    ],
    "aggregated": {
      "rmse": {
        "mean": 4.586664708104528,
        "std": 0.040537347509827626
      },
      "rrmse": {
        "mean": 0.020069839315274444,
        "std": 0.00017737901123491932
      },
      "correlation": {
        "mean": 0.9998799840294853,
        "std": 2.0314397856102673e-06
      },
      "snr": {
        "mean": 33.94946134012919,
        "std": 0.07676865812668865
      },
      "spectral_distortion": {
        "mean": 0.018699994895124347,
        "std": 0.002903797415730691
      },
      "snr_improvement": {
        "mean": -3.060833385065493,
        "std": 0.07676865812668865
      },
      "snr_input": {
        "mean": 37.01029472519468,
        "std": 0.0
      }
    }
  },
  "RNN_EEG": {
    "metrics_per_seed": [
      {
        "rmse": 10.706807071728138,
        "rrmse": 0.04684970696234523,
        "correlation": 0.9990011823190817,
        "snr": 26.585862424247416,
        "spectral_distortion": 0.01861584917436911,
        "snr_improvement": -10.424432300947267,
        "snr_input": 37.01029472519468
      },
      {
        "rmse": 11.131353070607325,
        "rrmse": 0.04870739016390831,
        "correlation": 0.9988844869098746,
        "snr": 26.248102802848585,
        "spectral_distortion": 0.02068244027048249,
        "snr_improvement": -10.762191922346098,
        "snr_input": 37.01029472519468
      }
    ],
    "aggregated": {
      "rmse": {
        "mean": 10.91908007116773,
        "std": 0.21227299943959377
      },
      "rrmse": {
        "mean": 0.04777854856312677,
        "std": 0.0009288416007815388
      },
      "correlation": {
        "mean": 0.9989428346144782,
        "std": 5.8347704603556316e-05
      },
      "snr": {
        "mean": 26.416982613548,
        "std": 0.1688798106994156
      },
      "spectral_distortion": {
        "mean": 0.0196491447224258,
        "std": 0.0010332955480566904
      },
      "snr_improvement": {
        "mean": -10.593312111646682,
        "std": 0.1688798106994156
      },
      "snr_input": {
        "mean": 37.01029472519468,
        "std": 0.0
      }
    }
  },
  "ResNet_EEG": {
    "metrics_per_seed": [
      {
        "rmse": 4.163112045447996,
        "rrmse": 0.018216502648643287,
        "correlation": 0.9998604773131216,
        "snr": 34.79069997447186,
        "spectral_distortion": 0.006372505476734923,
        "snr_improvement": -2.2195947507228198,
        "snr_input": 37.01029472519468
      },
      {
        "rmse": 4.5744201752220475,
        "rrmse": 0.020016260991354725,
        "correlation": 0.9998144970728373,
        "snr": 33.9723408972515,
        "spectral_distortion": 0.04326492371706322,
        "snr_improvement": -3.037953827943184,
        "snr_input": 37.01029472519468
      }
    ],
    "aggregated": {
      "rmse": {
        "mean": 4.368766110335022,
        "std": 0.20565406488702553
      },
      "rrmse": {
        "mean": 0.019116381819999008,
        "std": 0.0008998791713557188
      },
      "correlation": {
        "mean": 0.9998374871929794,
        "std": 2.2990120142118986e-05
      },
      "snr": {
        "mean": 34.38152043586168,
        "std": 0.4091795386101822
      },
      "spectral_distortion": {
        "mean": 0.02481871459689907,
        "std": 0.018446209120164148
      },
      "snr_improvement": {
        "mean": -2.628774289333002,
        "std": 0.4091795386101822
      },
      "snr_input": {
        "mean": 37.01029472519468,
        "std": 0.0
      }
    }
  },
  "SimpleCNN": {
    "metrics_per_seed": [
      {
        "rmse": 3.321372996913187,
        "rrmse": 0.014533310498226211,
        "correlation": 0.9998943998301573,
        "snr": 36.752708956501536,
        "spectral_distortion": 0.014612665479788917,
        "snr_improvement": -0.2575857686931471,
        "snr_input": 37.01029472519468
      },
      {
        "rmse": 3.315951366596004,
        "rrmse": 0.01450958710525606,
        "correlation": 0.9998947368949321,
        "snr": 36.76689891935042,
        "spectral_distortion": 0.007477441393478446,
        "snr_improvement": -0.24339580584426557,
        "snr_input": 37.01029472519468
      }
    ],
    "aggregated": {
      "rmse": {
        "mean": 3.318662181754595,
        "std": 0.0027108151585915063
      },
      "rrmse": {
        "mean": 0.014521448801741135,
        "std": 1.1861696485075506e-05
      },
      "correlation": {
        "mean": 0.9998945683625446,
        "std": 1.6853238743452792e-07
      },
      "snr": {
        "mean": 36.75980393792598,
        "std": 0.0070949814244407605
      },
      "spectral_distortion": {
        "mean": 0.011045053436633681,
        "std": 0.003567612043155236
      },
      "snr_improvement": {
        "mean": -0.2504907872687063,
        "std": 0.0070949814244407605
      },
      "snr_input": {
        "mean": 37.01029472519468,
        "std": 0.0
      }
    }
  },
  "LMS": {
    "aggregated": {
      "rmse": {
        "mean": 95.1828881664966,
        "std": 0.0
      },
      "rrmse": {
        "mean": 0.41649115264297826,
        "std": 0.0
      },
      "correlation": {
        "mean": 0.9224256241696671,
        "std": 0.0
      },
      "snr": {
        "mean": 7.607884394106394,
        "std": 0.0
      },
      "spectral_distortion": {
        "mean": 0.060427257838238845,
        "std": 0.0
      },
      "snr_improvement": {
        "mean": -29.40241033108829,
        "std": 0.0
      },
      "snr_input": {
        "mean": 37.01029472519468,
        "std": 0.0
      }
    }
  },
  "RLS": {
    "aggregated": {
      "rmse": {
        "mean": 87.53700511529586,
        "std": 0.0
      },
      "rrmse": {
        "mean": 0.38303511126506073,
        "std": 0.0
      },
      "correlation": {
        "mean": 0.9245897248555478,
        "std": 0.0
      },
      "snr": {
        "mean": 8.33522828408669,
        "std": 0.0
      },
      "spectral_distortion": {
        "mean": 0.06886808914927181,
        "std": 0.0
      },
      "snr_improvement": {
        "mean": -28.675066441107994,
        "std": 0.0
      },
      "snr_input": {
        "mean": 37.01029472519468,
        "std": 0.0
      }
    }
  },
  "Kalman": {
    "aggregated": {
      "rmse": {
        "mean": 96.33528105355738,
        "std": 0.0
      },
      "rrmse": {
        "mean": 0.42153367080012805,
        "std": 0.0
      },
      "correlation": {
        "mean": 0.9173313776122601,
        "std": 0.0
      },
      "snr": {
        "mean": 7.503354591192383,
        "std": 0.0
      },
      "spectral_distortion": {
        "mean": 0.5192665005204813,
        "std": 0.0
      },
      "snr_improvement": {
        "mean": -29.5069401340023,
        "std": 0.0
      },
      "snr_input": {
        "mean": 37.01029472519468,
        "std": 0.0
      }
    }
  }
}