{
  "experiment_type": "eeg_emg",
  "seeds": [
    40,
    41,
    42,
    43,
    44
  ],
  "metrics_per_seed": {
    "seed_40": {
      "rmse": 2.0521798487598377,
      "rrmse": 0.008979710188511894,
      "correlation": 0.9999597012285102,
      "snr": 40.93475359084348,
      "spectral_distortion": 0.007893324919615625,
      "snr_improvement": 0.9001300714937415,
      "snr_input": 40.034623519349736
    },
    "seed_41": {
      "rmse": 1.5272694522599468,
      "rrmse": 0.006682863136654157,
      "correlation": 0.9999778290173159,
      "snr": 43.500748660526334,
      "spectral_distortion": 0.004029834126571314,
      "snr_improvement": 3.4661251411765974,
      "snr_input": 40.034623519349736
    },
    "seed_42": {
      "rmse": 1.4845141922187257,
      "rrmse": 0.006495779219795388,
      "correlation": 0.9999790264732475,
      "snr": 43.74737488855811,
      "spectral_distortion": 0.0038660771442352543,
      "snr_improvement": 3.7127513692083767,
      "snr_input": 40.034623519349736
    },
    "seed_43": {
      "rmse": 1.445644253443106,
      "rrmse": 0.006325696278253399,
      "correlation": 0.9999800438987483,
      "snr": 43.977833282377354,
      "spectral_distortion": 0.006847390840049775,
      "snr_improvement": 3.9432097630276175,
      "snr_input": 40.034623519349736
    },
    "seed_44": {
      "rmse": 1.5512084450887247,
      "rrmse": 0.006787612833878402,
      "correlation": 0.9999771000028944,
      "snr": 43.36565875697992,
      "spectral_distortion": 0.004742562220066709,
      "snr_improvement": 3.331035237630182,
      "snr_input": 40.034623519349736
    }
  },
  "aggregated": {
    "rmse": {
      "mean": 1.6121632383540683,
      "std": 0.2229618400029198
    },
    "rrmse": {
      "mean": 0.007054332331418648,
      "std": 0.0009756126918084181
    },
    "correlation": {
      "mean": 0.9999747401241432,
      "std": 7.586586641162009e-06
    },
    "snr": {
      "mean": 43.10527383585704,
      "std": 1.1053517564739987
    },
    "spectral_distortion": {
      "mean": 0.005475837850107736,
      "std": 0.001609058779766676
    },
    "snr_improvement": {
      "mean": 3.070650316507303,
      "std": 1.105351756473999
    },
    "snr_input": {
      "mean": 40.034623519349736,
      "std": 0.0
    }
  }
}