{
  "experiment_type": "eeg_eog_emg",
  "seeds": [
    40,
    41,
    42,
    43,
    44
  ],
  "metrics_per_seed": {
    "seed_40": {
      "rmse": 1.457189520863883,
      "rrmse": 0.006376214830781871,
      "correlation": 0.9999797556559538,
      "snr": 43.90874117774911,
      "spectral_distortion": 0.00645909206234518,
      "snr_improvement": 6.898446452554424,
      "snr_input": 37.01029472519468
    },
    "seed_41": {
      "rmse": 1.4892521792582893,
      "rrmse": 0.006516511199264886,
      "correlation": 0.99997931111951,
      "snr": 43.71969708054361,
      "spectral_distortion": 0.0035281304109078377,
      "snr_improvement": 6.709402355348928,
      "snr_input": 37.01029472519468
    },
    "seed_42": {
      "rmse": 1.9780322971963706,
      "rrmse": 0.008655263223188634,
      "correlation": 0.9999641504662279,
      "snr": 41.25439439715818,
      "spectral_distortion": 0.005187948042606062,
      "snr_improvement": 4.244099671963497,
      "snr_input": 37.01029472519468
    },
    "seed_43": {
      "rmse": 1.5585827483283212,
      "rrmse": 0.00681988052521832,
      "correlation": 0.9999768318744551,
      "snr": 43.324464670192725,
      "spectral_distortion": 0.005407618571492246,
      "snr_improvement": 6.314169944998042,
      "snr_input": 37.01029472519468
    },
    "seed_44": {
      "rmse": 1.4850250861107972,
      "rrmse": 0.006498014734918809,
      "correlation": 0.9999789400155767,
      "snr": 43.74438616364752,
      "spectral_distortion": 0.006202637149400831,
      "snr_improvement": 6.734091438452836,
      "snr_input": 37.01029472519468
    }
  },
  "aggregated": {
    "rmse": {
      "mean": 1.5936163663515324,
      "std": 0.19508931090183596
    },
    "rrmse": {
      "mean": 0.006973176902674504,
      "std": 0.0008536510451721114
    },
    "correlation": {
      "mean": 0.9999757978263448,
      "std": 5.9095050627776845e-06
    },
    "snr": {
      "mean": 43.19033669785823,
      "std": 0.9868293800478235
    },
    "spectral_distortion": {
      "mean": 0.005357085247350431,
      "std": 0.0010301081345160063
    },
    "snr_improvement": {
      "mean": 6.180041972663545,
      "std": 0.9868293800478235
    },
    "snr_input": {
      "mean": 37.01029472519468,
      "std": 0.0
    }
  }
}