{
  "SimpleCNN": {
    "rmse": {
      "n": 4,
      "p": 0.125,
      "statistic": 0.0,
      "diff_mean": 76.50724920228643,
      "diff_median": 76.6755124865787,
      "cohen_dz": 25.722066417887213,
      "rank_biserial": 1.0,
      "p_holm": 0.25,
      "reject_holm": false
    },
    "rrmse": {
      "n": 4,
      "p": 0.125,
      "statistic": 0.0,
      "diff_mean": 0.33473542038859694,
      "diff_median": 0.3354764047223669,
      "cohen_dz": 27.740039577853295,
      "rank_biserial": 1.0,
      "p_holm": 0.25,
      "reject_holm": false
    },
    "correlation": {
      "n": 4,
      "p": 0.125,
      "statistic": 0.0,
      "diff_mean": 0.15037900508927768,
      "diff_median": 0.15058955087305637,
      "cohen_dz": 30.750600124799895,
      "rank_biserial": 1.0,
      "p_holm": 0.25,
      "reject_holm": false
    },
    "snr": {
      "n": 4,
      "p": 0.125,
      "statistic": 0.0,
      "diff_mean": 7.6850235871965324,
      "diff_median": 7.709349790918613,
      "cohen_dz": 21.871561080708652,
      "rank_biserial": 1.0,
      "p_holm": 0.25,
      "reject_holm": false
    },
    "snr_improvement": {
      "n": 4,
      "p": 0.125,
      "statistic": 0.0,
      "diff_mean": 7.685023587196531,
      "diff_median": 7.709349790918612,
      "cohen_dz": 21.871561080708656,
      "rank_biserial": 1.0,
      "p_holm": 0.25,
      "reject_holm": false
    },
    "spectral_distortion": {
      "n": 4,
      "p": 0.125,
      "statistic": 0.0,
      "diff_mean": 0.031050710368894993,
      "diff_median": 0.0287678952201606,
      "cohen_dz": 1.9488529092484257,
      "rank_biserial": 1.0,
      "p_holm": 0.25,
      "reject_holm": false
    }
  },
  "LMSFilter": {
    "rmse": {
      "n": 4,
      "p": 0.125,
      "statistic": 0.0,
      "diff_mean": 230.7509704164912,
      "diff_median": 230.9040481701925,
      "cohen_dz": 115.94101431080601,
      "rank_biserial": 1.0,
      "p_holm": 0.25,
      "reject_holm": false
    },
    "rrmse": {
      "n": 4,
      "p": 0.125,
      "statistic": 0.0,
      "diff_mean": 1.0096495463870259,
      "diff_median": 1.010323270548034,
      "cohen_dz": 170.84806292680986,
      "rank_biserial": 1.0,
      "p_holm": 0.25,
      "reject_holm": false
    },
    "correlation": {
      "n": 4,
      "p": 0.125,
      "statistic": 0.0,
      "diff_mean": 0.3475069522639892,
      "diff_median": 0.34767327213061533,
      "cohen_dz": 193.68208348972283,
      "rank_biserial": 1.0,
      "p_holm": 0.25,
      "reject_holm": false
    },
    "snr": {
      "n": 4,
      "p": 0.125,
      "statistic": 0.0,
      "diff_mean": 14.468708650982745,
      "diff_median": 14.491977601476073,
      "cohen_dz": 53.02428985041872,
      "rank_biserial": 1.0,
      "p_holm": 0.25,
      "reject_holm": false
    },
    "snr_improvement": {
      "n": 4,
      "p": 0.125,
      "statistic": 0.0,
      "diff_mean": 14.468708650982745,
      "diff_median": 14.491977601476075,
      "cohen_dz": 53.024289850418654,
      "rank_biserial": 1.0,
      "p_holm": 0.25,
      "reject_holm": false
    },
    "spectral_distortion": {
      "n": 4,
      "p": 0.125,
      "statistic": 0.0,
      "diff_mean": 1.0857947778108752,
      "diff_median": 1.083396183555843,
      "cohen_dz": 47.97290133083962,
      "rank_biserial": 1.0,
      "p_holm": 0.25,
      "reject_holm": false
    }
  }
}