{
  "experiment_type": "eeg_eog",
  "seeds": [
    40,
    41,
    42,
    43,
    44
  ],
  "metrics_per_seed": {
    "seed_40": {
      "rmse": 1.6131869170660973,
      "rrmse": 0.0070588116357865015,
      "correlation": 0.9999752909215268,
      "snr": 43.02536814174347,
      "spectral_distortion": 0.006843963382825482,
      "snr_improvement": 2.990744622393734,
      "snr_input": 40.034623519349736
    },
    "seed_41": {
      "rmse": 1.4452561999094218,
      "rrmse": 0.006323998274897495,
      "correlation": 0.9999800841599309,
      "snr": 43.98016514419126,
      "spectral_distortion": 0.005327609010210311,
      "snr_improvement": 3.9455416248415247,
      "snr_input": 40.034623519349736
    },
    "seed_42": {
      "rmse": 1.4125002645257507,
      "rrmse": 0.006180668338743634,
      "correlation": 0.9999809550451024,
      "snr": 44.17929120976215,
      "spectral_distortion": 0.005446584384065424,
      "snr_improvement": 4.144667690412412,
      "snr_input": 40.034623519349736
    },
    "seed_43": {
      "rmse": 1.3870401032281419,
      "rrmse": 0.006069262474416755,
      "correlation": 0.9999817193723157,
      "snr": 44.33728160765995,
      "spectral_distortion": 0.0058078023883378765,
      "snr_improvement": 4.302658088310217,
      "snr_input": 40.034623519349736
    },
    "seed_44": {
      "rmse": 1.396119187873636,
      "rrmse": 0.006108989766809171,
      "correlation": 0.9999814654591772,
      "snr": 44.28061204711273,
      "spectral_distortion": 0.006041380221905828,
      "snr_improvement": 4.2459885277629965,
      "snr_input": 40.034623519349736
    }
  },
  "aggregated": {
    "rmse": {
      "mean": 1.4508205345206096,
      "std": 0.08357323475120172
    },
    "rrmse": {
      "mean": 0.006348346098130711,
      "std": 0.00036569086673167477
    },
    "correlation": {
      "mean": 0.9999799029916107,
      "std": 2.3728199565216227e-06
    },
    "snr": {
      "mean": 43.96054363009391,
      "std": 0.4831488376786506
    },
    "spectral_distortion": {
      "mean": 0.005893467877468984,
      "std": 0.0005389915505273932
    },
    "snr_improvement": {
      "mean": 3.925920110744177,
      "std": 0.48314883767865063
    },
    "snr_input": {
      "mean": 40.034623519349736,
      "std": 0.0
    }
  }
}